mean,deviation,C,epsilon,gamma,degree,kernel,coef,time,kfold
3.0301479497961936,0.5728917908179266,0.1,0.1,scale,0,rbf,0,2.851266860961914,5
3.040336024795277,0.5676274446342334,0.1,0.01,scale,0,rbf,0,1.0825939178466797,5
3.0386599604870743,0.566311358085802,0.1,0.001,scale,0,rbf,0,1.0804038047790527,5
3.131522476762984,0.589810876890354,0.1,0.5,scale,0,rbf,0,0.756441593170166,5
1.2396097663027006,0.2104582964433476,1,0.1,scale,0,rbf,0,1.225722074508667,5
1.2470928697321466,0.2146181503481566,1,0.01,scale,0,rbf,0,1.3032183647155762,5
1.2479185005599909,0.21552767152246533,1,0.001,scale,0,rbf,0,1.3593134880065918,5
1.2653149958981167,0.21602275658753603,1,0.5,scale,0,rbf,0,0.8422622680664062,5
