,name,validation Mean Error,validation std Error,Training Mean Error,Training std Error,time
0,2L50,1.0294485132982105,0.037465860866956364,0.8964307813226148,0.008932329237683778,35.89337306022644
1,3L100,1.0342953306704454,0.04315684596395542,0.8879317442897954,0.016316943606229165,38.201622009277344
2,5L500,1.0123502360804382,0.04829577853863557,0.8716633745789713,0.016316943606229165,173.8624137878418
