,name,validation Mean Error,validation std Error,Training Mean Error,Training std Error,time
0,2L50,1.2472983939179414,0.08343035949975888,0.9577139525460762,0.015489747823998944,10.862879610061645
1,3L100,1.2306898601708876,0.07244854118071455,0.9205146036622983,0.014096051404859875,13.476169443130493
2,5L500,1.195289399429941,0.07057546250164859,0.8911938970642008,0.014096051404859875,78.11239337921143
